[
    {
        "id": 1,
        "username": "qwerty123@gmail.com",
        "password": "$2b$12$k1eE0HjZyC8r.4LFqjcHtu1XgRcYX3Mr5qefCn.p6s1dL8sURZp0G",
        "image": null
    },
    {
        "id": 2,
        "username": "Qwerty123@gmail.com",
        "password": "$2b$12$rmBvHw087qS7/nhwT/out.Pn9kbVXy87SluRw7AI9rS0EYwlDZsjO",
        "image": null
    },
    {
        "id": 3,
        "username": "Kennydzntg@gmail.com",
        "password": "$2b$12$lwUJDMuUDULPX.D85ju2neb6dyTFhEZtCKHKZ6XkUheYvzXfTPq3S",
        "image": null
    }
]